Team,Location,Head Coach,Offensive Coordinator,Defensive Coordinator,Owner
Cardinals,Arizona,Jonathan Gannon,Drew Petzing,Vance Joseph,Michael Bidwill
Falcons,Atlanta,Raheem Morris,Zac Robinson,Jimmy Lake,Arthur Blank
Ravens,Baltimore,John Harbaugh,Todd Monken,Zach Orr,Steve Bisciotti
Bills,New York,Sean McDermott,Joe Brady,Bobby Babich,Terry Pegula
Panthers,Carolina,Dave Canales,Brad Idzik,Ejiro Evero,David Tepper
Bears,Chicago,Thomas Brown,Chris Beatty,DeMeco Ryans,Virginia Halas McCaskey
Bengals,Cincinnati,Zac Taylor,Dan Pitcher,Lou Anarumo,Mike Brown
Browns,Cleveland,Kevin Stefanski,Ken Dorsey,Jim Schwartz,Jimmy Haslam
Cowboys,Dallas,Mike McCarthy,Brian Schottenheimer,Mike Zimmer,Jerry Jones
Broncos,Denver,Sean Payton,Joe Lombardi,Vance Joseph,Greg Penner
Lions,Detroit,Dan Campbell,Ben Johnson,Aaron Glenn,Sheila Ford Hamp
Packers,Green Bay,Matt LaFleur,Adam Stenavich,Joe Barry,Green Bay Packers Inc.
Texans,Houston,DeMeco Ryans,Bobby Slowik,Matt Burke,Janice McNair
Colts,Indianapolis,Shane Steichen,Jim Bob Cooter,Gus Bradley,Jim Irsay
Jaguars,Jacksonville,Doug Pederson,Press Taylor,Ryan Nielsen,Shahid Khan
Chiefs,Kansas City,Andy Reid,Matt Nagy,Steve Spagnuolo,Clark Hunt
Raiders,Las Vegas,Antonio Pierce,Scott Turner,Patrick Graham,Mark Davis
Chargers,Los Angeles,Jim Harbaugh,Greg Roman,Jesse Minter,Dean Spanos
Rams,Los Angeles,Sean McVay,Mike LaFleur,Jimmy Lake,Stan Kroenke
Dolphins,Miami,Mike McDaniel,Frank Smith,Anthony Weaver,Stephen M. Ross
Vikings,Minnesota,Kevin O'Connell,Wes Phillips,Brian Flores,Zygi Wilf
Patriots,New England,Jerod Mayo,Alex Van Pelt,DeMarcus Covington,Robert Kraft
Saints,New Orleans,Darren Rizzi,Klint Kubiak,Joe Woods,Gayle Benson
Giants,New York,Brian Daboll,Mike Kafka,Shane Bowen,John Mara
Jets,New York,Jeff Ulbrich,Nathaniel Hackett,Jeff Ulbrich,Woody Johnson
Eagles,Philadelphia,Nick Sirianni,Kellen Moore,Vic Fangio,Jeffrey Lurie
Steelers,Pittsburgh,Mike Tomlin,Arthur Smith,Teryl Austin,Art Rooney II
49ers,San Francisco,Kyle Shanahan,Kyle Shanahan,DeMeco Ryans,Denise York
Seahawks,Seattle,Mike Macdonald,Ryan Grubb,Clint Hurtt,Jody Allen
Buccaneers,Tampa Bay,Todd Bowles,Liam Coen,Joe Woods,Glazer family
Titans,Tennessee,Brian Callahan,Nick Holz,Dennard Wilson,Amy Adams Strunk
Commanders,Washington,Dan Quinn,Kliff Kingsbury,Joe Whitt Jr.,Josh Harris
